<application>
  <component name="libraryTable">
    <library name="@types/jquery" type="javaScript">
      <CLASSES />
      <JAVADOC />
      <SOURCES />
    </library>
    <library name="@types/node" type="javaScript">
      <CLASSES />
      <JAVADOC />
      <SOURCES />
    </library>
    <library name="@types/node-xmpp-core" type="javaScript">
      <CLASSES />
      <JAVADOC />
      <SOURCES />
    </library>
    <library name="@types/requirejs" type="javaScript">
      <CLASSES />
      <JAVADOC />
      <SOURCES />
    </library>
  </component>
</application>