<application>
  <component name="FileTypeManager" version="17">
    <ignoreFiles list=" ;*.hprof;*.pyc;*.pyo;*.rbc;*.yarb;*~;.DS_Store;.git;.hg;.svn;CVS;__pycache__;_svn;vssver.scc;vssver2.scc;" />
    <extensionMap>
      <mapping ext="prc" type="DBN-PSQL" />
      <mapping ext="fnc" type="DBN-PSQL" />
      <mapping ext="pks" type="DBN-PSQL" />
      <mapping ext="pkg" type="DBN-PSQL" />
      <mapping ext="pkb" type="DBN-PSQL" />
      <mapping ext="trg" type="DBN-PSQL" />
      <mapping ext="tps" type="DBN-PSQL" />
      <mapping ext="tpe" type="DBN-PSQL" />
      <mapping ext="tpb" type="DBN-PSQL" />
      <mapping ext="vw" type="DBN-SQL" />
      <mapping pattern="*.js.flow" type="Flow" />
      <mapping pattern="*.js.flow" type="Flow" />
      <mapping ext="gradle.kts" type="Kotlin" />
      <mapping ext="xmind" type="Native" />
      <mapping pattern="安装部署.md" type="PLAIN_TEXT" />
      <mapping pattern="tx-manager" type="PLAIN_TEXT" />
      <mapping pattern="drools集群部署一之helix.md" type="PLAIN_TEXT" />
      <mapping pattern="threadPoolExecutor" type="PLAIN_TEXT" />
      <mapping pattern="缺失表统计" type="PLAIN_TEXT" />
      <mapping pattern=".gitkeep" type="PLAIN_TEXT" />
      <mapping pattern="配置" type="PLAIN_TEXT" />
      <mapping pattern="seata" type="PLAIN_TEXT" />
      <mapping pattern="nexus控制台密码重置" type="PLAIN_TEXT" />
      <mapping pattern="seata-saga" type="PLAIN_TEXT" />
      <mapping pattern="rest方式操作activemq" type="PLAIN_TEXT" />
      <mapping pattern="git" type="PLAIN_TEXT" />
      <mapping pattern="yarn" type="PLAIN_TEXT" />
      <mapping pattern="测试环境规则查看.md" type="PLAIN_TEXT" />
      <mapping pattern=".gitingore" type="PLAIN_TEXT" />
      <mapping pattern="lcn业务验证说明" type="PLAIN_TEXT" />
      <mapping pattern="20210303" type="PLAIN_TEXT" />
      <mapping pattern="20210302" type="PLAIN_TEXT" />
      <mapping pattern="tx-manager.sql" type="PLAIN_TEXT" />
      <mapping pattern="20210225" type="PLAIN_TEXT" />
      <mapping pattern="drools集群部署一之helix" type="PLAIN_TEXT" />
      <mapping pattern="计算" type="PLAIN_TEXT" />
      <mapping ext="jasper" type="PLAIN_TEXT" />
      <mapping ext="bak" type="PLAIN_TEXT" />
      <mapping ext="mrf" type="PLAIN_TEXT" />
      <mapping ext="cert" type="PLAIN_TEXT" />
      <mapping ext="store" type="PLAIN_TEXT" />
      <mapping ext="rdb" type="PLAIN_TEXT" />
      <mapping ext="class_terracotta" type="PLAIN_TEXT" />
      <mapping ext="cab" type="PLAIN_TEXT" />
      <mapping ext="rule" type="PLAIN_TEXT" />
      <mapping ext="glb" type="PLAIN_TEXT" />
      <mapping ext="db" type="PLAIN_TEXT" />
      <removed_mapping ext="cmd" approved="true" type="PLAIN_TEXT" />
      <removed_mapping ext="log" approved="true" type="PLAIN_TEXT" />
      <removed_mapping ext="bat" approved="true" type="PLAIN_TEXT" />
      <removed_mapping ext="bat" approved="true" type="PLAIN_TEXT" />
      <removed_mapping ext="log" approved="true" type="PLAIN_TEXT" />
      <removed_mapping ext="dockerfile" approved="true" type="textmate" />
      <removed_mapping ext="makefile" approved="true" type="textmate" />
      <removed_mapping ext="cmd" approved="true" type="PLAIN_TEXT" />
      <removed_mapping ext="snakefile" approved="true" type="textmate" />
    </extensionMap>
  </component>
</application>