<application>
  <component name="GeneralSettings">
    <option name="processCloseConfirmation" value="TERMINATE" />
    <option name="searchInBackground" value="true" />
    <option name="useSafeWrite" value="false" />
  </component>
  <component name="Registry">
    <entry key="compiler.automake.allow.when.app.running" value="true" />
    <entry key="compiler.document.save.trigger.delay" value="500" />
    <entry key="git.explicit.commit.renames.prohibit.multiple.calls" value="false" />
    <entry key="debugger.watches.in.variables" value="false" />
  </component>
</application>