<?xml version="1.0" encoding="UTF-8"?>
<beans xmlns="http://www.springframework.org/schema/beans"
       xmlns:xsi="http://www.w3.org/2001/XMLSchema-instance" xmlns:p="http://www.springframework.org/schema/p"
       xmlns:context="http://www.springframework.org/schema/context"
       xmlns:mvc="http://www.springframework.org/schema/mvc"
       xsi:schemaLocation="http://www.springframework.org/schema/beans http://www.springframework.org/schema/beans/spring-beans-3.0.xsd
       http://www.springframework.org/schema/context http://www.springframework.org/schema/context/spring-context-3.0.xsd http://www.springframework.org/schema/mvc http://www.springframework.org/schema/mvc/spring-mvc-3.1.xsd">

    <!-- 把标记了@Controller注解的类转换为bean -->
    <context:component-scan base-package="com.cubbery.rule.console"/>
    <context:annotation-config/>

    <!--
        使用注解的简单配置，相当于定义了 AnnotationMethodHandlerAdapter和 DefaultAnnotationHandlerMapping，
        以及一些消息转换，如：@RequestBody 、@ResponseBody
    -->
    <mvc:annotation-driven />
    <mvc:annotation-driven>
        <mvc:message-converters register-defaults="true">
            <bean class="org.springframework.http.converter.StringHttpMessageConverter">
                <property name="supportedMediaTypes" value = "text/plain;charset=UTF-8" />
            </bean>
        </mvc:message-converters>
    </mvc:annotation-driven>

    <!-- 启动JSON格式的配置 -->
    <bean id="jacksonMessageConverter" class="org.springframework.http.converter.json.MappingJacksonHttpMessageConverter">
        <!--解决 HttpMediaTypeNotAcceptableException: Could not find acceptable representation -->
        <property name="supportedMediaTypes">
            <list>
                <value>text/html;charset=UTF-8</value>
                <value>application/json;charset=UTF-8</value>
            </list>
        </property>
    </bean>

    <!-- 对模型视图名称的解析，即在模型视图名称添加前后缀 -->
    <bean class="org.springframework.web.servlet.view.InternalResourceViewResolver">
        <property name="suffix" value=".jsp"/>
        <property name="prefix" value="/"/>
    </bean>

    <mvc:resources mapping="/media/**" location="/media/" />
<!--
    <bean class="org.springframework.web.servlet.handler.SimpleMappingExceptionResolver">
        &lt;!&ndash; 定义默认的异常处理页面，当该异常类型的注册时使用 &ndash;&gt;
        <property name="defaultErrorView" value="common/error500"></property>
        &lt;!&ndash; 定义异常处理页面用来获取异常信息的变量名，默认名为exception &ndash;&gt;
        <property name="exceptionAttribute" value="ex"></property>
        &lt;!&ndash; 定义需要特殊处理的异常，用类名或完全路径名作为key，异常也页名作为值 &ndash;&gt;
        <property name="exceptionMappings">
            <props>
                <prop key="java.lang.Exception">error500</prop>
            </props>
        </property>
    </bean>-->

    <bean id="multipartResolver" class="org.springframework.web.multipart.commons.CommonsMultipartResolver">
        <!-- set the max upload size100MB -->
        <property name="maxUploadSize">
            <value>104857600</value>
        </property>
        <property name="defaultEncoding">
            <value>utf-8</value>
        </property>
    </bean>
</beans>