<keymap version="1" name="Eclipse copy 1" parent="Eclipse">
  <action id="Annotate">
    <keyboard-shortcut first-keystroke="alt n" />
  </action>
  <action id="CheckinProject">
    <keyboard-shortcut first-keystroke="shift ctrl q" />
  </action>
  <action id="CloseAllEditorsButActive">
    <keyboard-shortcut first-keystroke="shift ctrl s" />
  </action>
  <action id="DebugClass">
    <keyboard-shortcut first-keystroke="shift ctrl f1" />
  </action>
  <action id="Git.CompareWithBranch">
    <keyboard-shortcut first-keystroke="alt c" />
  </action>
  <action id="MarkExcludeRoot">
    <keyboard-shortcut first-keystroke="alt back_slash" />
  </action>
  <action id="ReplaceInPath">
    <keyboard-shortcut first-keystroke="shift ctrl l" />
  </action>
  <action id="RevealIn">
    <keyboard-shortcut first-keystroke="alt e" />
  </action>
  <action id="SplitHorizontally">
    <keyboard-shortcut first-keystroke="alt minus" />
  </action>
  <action id="SplitVertically">
    <keyboard-shortcut first-keystroke="alt equals" />
  </action>
  <action id="Terminal.OpenInTerminal">
    <keyboard-shortcut first-keystroke="alt t" />
  </action>
  <action id="Vcs.ShowTabbedFileHistory">
    <keyboard-shortcut first-keystroke="alt h" />
  </action>
</keymap>