<application>
  <component name="ProjectManager">
    <defaultProject>
      <component name="CheckStyle-IDEA">
        <option name="configuration">
          <map>
            <entry key="checkstyle-version" value="8.16" />
            <entry key="copy-libs" value="true" />
            <entry key="location-0" value="BUNDLED:(bundled):Sun Checks" />
            <entry key="location-1" value="BUNDLED:(bundled):Google Checks" />
            <entry key="scan-before-checkin" value="false" />
            <entry key="scanscope" value="JavaOnly" />
            <entry key="suppress-errors" value="false" />
          </map>
        </option>
      </component>
      <component name="JsFlowSettings">
        <service-enabled>true</service-enabled>
        <exe-path />
        <other-services-enabled>true</other-services-enabled>
        <auto-save>true</auto-save>
      </component>
      <component name="MavenImportPreferences">
        <option name="generalSettings">
          <MavenGeneralSettings>
            <option name="localRepository" value="D:\daily\java\repository" />
            <option name="mavenHome" value="D:/daily/java/apache-maven-3.6.0" />
            <option name="userSettingsFile" value="D:\daily\java\apache-maven-3.6.0\conf\settings.xml" />
          </MavenGeneralSettings>
        </option>
        <option name="importingSettings">
          <MavenImportingSettings>
            <option name="downloadDocsAutomatically" value="true" />
            <option name="downloadSourcesAutomatically" value="true" />
          </MavenImportingSettings>
        </option>
      </component>
      <component name="MavenRunner">
        <option name="jreName" value="1.6" />
      </component>
      <component name="ProjectInspectionProfilesVisibleTreeState">
        <entry key="Project Default">
          <profile-state>
            <expanded-state>
              <State />
              <State>
                <id>Ali-Check</id>
              </State>
              <State>
                <id>Class structureJava</id>
              </State>
              <State>
                <id>Code maturityJava</id>
              </State>
              <State>
                <id>JUnitJava</id>
              </State>
              <State>
                <id>Java</id>
              </State>
              <State>
                <id>Java 5Java language level migration aidsJava</id>
              </State>
              <State>
                <id>Java 7Java language level migration aidsJava</id>
              </State>
              <State>
                <id>Java 8Java language level migration aidsJava</id>
              </State>
              <State>
                <id>Java language level migration aidsJava</id>
              </State>
              <State>
                <id>JavadocJava</id>
              </State>
              <State>
                <id>Numeric issuesJava</id>
              </State>
              <State>
                <id>PerformanceJava</id>
              </State>
              <State>
                <id>Spring</id>
              </State>
              <State>
                <id>Spring AOPSpring</id>
              </State>
              <State>
                <id>Threading issuesJava</id>
              </State>
            </expanded-state>
          </profile-state>
        </entry>
      </component>
      <component name="ProjectRootManager" version="2" languageLevel="JDK_11" project-jdk-name="1.8" project-jdk-type="JavaSDK" />
      <component name="PropertiesComponent">
        <property name="last_opened_file_path" value="D:/backup/platform/developIdeaWork/o2o" />
        <property name="node.js.path.for.package.jscs" value="project" />
        <property name="node.js.selected.package.jscs" value="" />
        <property name="nodejs_interpreter_path.stuck_in_default_project" value="undefined stuck path" />
        <property name="nodejs_npm_path_reset_for_default_project" value="true" />
        <property name="project.structure.last.edited" value="Problems" />
        <property name="project.structure.proportion" value="0.0" />
        <property name="project.structure.side.proportion" value="0.27926078" />
        <property name="settings.editor.selected.configurable" value="reference.projectsettings.compiler.javacompiler" />
      </component>
      <component name="SvnConfiguration">
        <configuration>C:\Users\zhiwei.liu003\AppData\Roaming\Subversion</configuration>
      </component>
      <component name="VcsContentAnnotationSettings">
        <option name="myLimit" value="2678400000" />
      </component>
      <component name="masterDetails">
        <states>
          <state key="GlobalLibrariesConfigurable.UI">
            <settings>
              <last-edited>@types/jquery</last-edited>
              <splitter-proportions>
                <option name="proportions">
                  <list>
                    <option value="0.27926078" />
                  </list>
                </option>
              </splitter-proportions>
            </settings>
          </state>
          <state key="JdkListConfigurable.UI">
            <settings>
              <last-edited>1.8</last-edited>
              <splitter-proportions>
                <option name="proportions">
                  <list>
                    <option value="0.27926078" />
                  </list>
                </option>
              </splitter-proportions>
            </settings>
          </state>
          <state key="ProjectJDKs.UI">
            <settings>
              <last-edited>1.8</last-edited>
              <splitter-proportions>
                <option name="proportions">
                  <list>
                    <option value="0.1750524" />
                  </list>
                </option>
              </splitter-proportions>
            </settings>
          </state>
          <state key="ProjectLibrariesConfigurable.UI">
            <settings>
              <splitter-proportions>
                <option name="proportions">
                  <list>
                    <option value="0.27926078" />
                  </list>
                </option>
              </splitter-proportions>
            </settings>
          </state>
          <state key="ScopeChooserConfigurable.UI">
            <settings>
              <splitter-proportions>
                <option name="proportions">
                  <list>
                    <option value="0.2" />
                  </list>
                </option>
              </splitter-proportions>
            </settings>
          </state>
        </states>
      </component>
    </defaultProject>
  </component>
</application>